rentdaddy-backend,0.10%,69.28MiB / 3.828GiB
rentdaddy-postgres,4.12%,35.21MiB / 3.828GiB
rentdaddy-frontend-1,0.23%,264.7MiB / 3.828GiB
rentdaddy-backend,0.00%,69.03MiB / 3.828GiB
rentdaddy-postgres,3.84%,35.22MiB / 3.828GiB
rentdaddy-frontend-1,0.23%,264.8MiB / 3.828GiB
rentdaddy-backend,0.00%,69.54MiB / 3.828GiB
rentdaddy-postgres,0.00%,35.17MiB / 3.828GiB
rentdaddy-frontend-1,0.32%,265.3MiB / 3.828GiB
rentdaddy-backend,0.00%,69.53MiB / 3.828GiB
rentdaddy-postgres,3.78%,35.27MiB / 3.828GiB
rentdaddy-frontend-1,0.09%,265.1MiB / 3.828GiB
rentdaddy-backend,0.00%,69.53MiB / 3.828GiB
rentdaddy-postgres,0.00%,35.19MiB / 3.828GiB
rentdaddy-frontend-1,0.17%,265MiB / 3.828GiB
rentdaddy-backend,0.00%,69.53MiB / 3.828GiB
rentdaddy-postgres,0.00%,35.18MiB / 3.828GiB
rentdaddy-frontend-1,0.26%,265MiB / 3.828GiB
rentdaddy-backend,0.00%,69.53MiB / 3.828GiB
rentdaddy-postgres,0.00%,35.2MiB / 3.828GiB
rentdaddy-frontend-1,5.10%,265.6MiB / 3.828GiB
rentdaddy-backend,0.00%,69.53MiB / 3.828GiB
rentdaddy-postgres,0.00%,35.18MiB / 3.828GiB
rentdaddy-frontend-1,0.20%,265.4MiB / 3.828GiB
rentdaddy-backend,0.00%,69.53MiB / 3.828GiB
rentdaddy-postgres,6.75%,35.2MiB / 3.828GiB
rentdaddy-frontend-1,0.22%,265.4MiB / 3.828GiB
rentdaddy-backend,0.00%,69.53MiB / 3.828GiB
rentdaddy-postgres,0.00%,35.18MiB / 3.828GiB
rentdaddy-frontend-1,9.27%,63.33MiB / 3.828GiB
rentdaddy-backend,0.00%,69.53MiB / 3.828GiB
rentdaddy-postgres,4.73%,35.39MiB / 3.828GiB
rentdaddy-frontend-1,0.08%,56.79MiB / 3.828GiB
rentdaddy-backend,0.00%,69.53MiB / 3.828GiB
rentdaddy-postgres,0.00%,35.18MiB / 3.828GiB
rentdaddy-frontend-1,0.32%,57.09MiB / 3.828GiB
rentdaddy-backend,0.00%,69.59MiB / 3.828GiB
rentdaddy-postgres,3.65%,35.2MiB / 3.828GiB
rentdaddy-frontend-1,0.06%,60.9MiB / 3.828GiB
rentdaddy-backend,0.00%,69.59MiB / 3.828GiB
rentdaddy-postgres,0.00%,35.18MiB / 3.828GiB
rentdaddy-frontend-1,0.18%,66.88MiB / 3.828GiB
rentdaddy-backend,0.00%,69.59MiB / 3.828GiB
rentdaddy-postgres,0.28%,35.29MiB / 3.828GiB
rentdaddy-frontend-1,0.18%,82.17MiB / 3.828GiB
rentdaddy-backend,0.00%,69.59MiB / 3.828GiB
rentdaddy-postgres,2.41%,35.53MiB / 3.828GiB
rentdaddy-frontend-1,0.27%,97.76MiB / 3.828GiB
rentdaddy-backend,0.00%,69.59MiB / 3.828GiB
rentdaddy-postgres,1.74%,35.28MiB / 3.828GiB
rentdaddy-frontend-1,0.43%,129.1MiB / 3.828GiB
rentdaddy-backend,0.00%,69.38MiB / 3.828GiB
rentdaddy-postgres,0.00%,35.3MiB / 3.828GiB
rentdaddy-frontend-1,0.12%,144.9MiB / 3.828GiB
rentdaddy-backend,0.00%,69.38MiB / 3.828GiB
rentdaddy-postgres,0.00%,35.3MiB / 3.828GiB
rentdaddy-frontend-1,0.27%,161MiB / 3.828GiB
rentdaddy-backend,0.00%,69.38MiB / 3.828GiB
rentdaddy-postgres,3.02%,35.31MiB / 3.828GiB
rentdaddy-frontend-1,0.16%,174.2MiB / 3.828GiB
rentdaddy-backend,0.00%,69.38MiB / 3.828GiB
rentdaddy-postgres,0.00%,35.28MiB / 3.828GiB
rentdaddy-frontend-1,0.23%,190.2MiB / 3.828GiB
rentdaddy-backend,0.00%,69.38MiB / 3.828GiB
rentdaddy-postgres,3.72%,35.29MiB / 3.828GiB
rentdaddy-frontend-1,0.84%,201.8MiB / 3.828GiB
rentdaddy-backend,0.00%,69.45MiB / 3.828GiB
rentdaddy-postgres,0.00%,35.3MiB / 3.828GiB
rentdaddy-frontend-1,0.15%,213.7MiB / 3.828GiB
rentdaddy-backend,0.00%,69.45MiB / 3.828GiB
rentdaddy-postgres,3.69%,35.3MiB / 3.828GiB
rentdaddy-frontend-1,0.23%,219.7MiB / 3.828GiB
rentdaddy-backend,0.00%,69.45MiB / 3.828GiB
rentdaddy-postgres,0.00%,35.28MiB / 3.828GiB
rentdaddy-frontend-1,2.97%,224.2MiB / 3.828GiB
rentdaddy-backend,0.00%,69.45MiB / 3.828GiB
rentdaddy-postgres,0.06%,35.28MiB / 3.828GiB
rentdaddy-frontend-1,0.35%,231.2MiB / 3.828GiB
rentdaddy-backend,0.19%,69.45MiB / 3.828GiB
rentdaddy-postgres,0.00%,35.28MiB / 3.828GiB
rentdaddy-frontend-1,0.26%,239MiB / 3.828GiB
rentdaddy-backend,0.00%,69.45MiB / 3.828GiB
rentdaddy-postgres,0.00%,35.32MiB / 3.828GiB
rentdaddy-frontend-1,0.23%,239.3MiB / 3.828GiB
rentdaddy-backend,0.00%,69.46MiB / 3.828GiB
rentdaddy-postgres,0.00%,35.28MiB / 3.828GiB
rentdaddy-frontend-1,0.26%,239.1MiB / 3.828GiB
rentdaddy-backend,0.00%,69.45MiB / 3.828GiB
rentdaddy-postgres,1.21%,35.33MiB / 3.828GiB
rentdaddy-frontend-1,0.14%,239.2MiB / 3.828GiB
